83667,59.65787896,1,1,0,59.65787896,1,1,0,59.65787896,1,1,0
83672,59.66129683,1,1,0,59.66129683,1,1,0,59.66129683,1,1,0
83677,59.66463326,1,1,0,59.66463326,1,1,0,59.66463326,1,1,0
83682,59.6679822,1,1,0,59.6679822,1,1,0,59.6679822,1,1,0
83687,59.67140189,1,1,0,59.67140189,1,1,0,59.67140189,1,1,0
83692,59.67469768,1,1,0,59.67469768,1,1,0,59.67469768,1,1,0
83697,59.67803956,1,1,0,59.67803956,1,1,0,59.67803956,1,1,0
83702,59.68133926,1,1,0,59.68133926,1,1,0,59.68133926,1,1,0
83707,59.68467353,1,1,0,59.68467353,1,1,0,59.68467353,1,1,0
83712,59.68799279,1,1,0,59.68799279,1,1,0,59.68799279,1,1,0
83717,59.69138314,1,1,0,59.69138314,1,1,0,59.69138314,1,1,0
83722,59.69467858,1,1,0,59.69467858,1,1,0,59.69467858,1,1,0
83727,59.69798338,1,1,0,59.69798338,1,1,0,59.69798338,1,1,0
83732,59.7012337,1,1,0,59.7012337,1,1,0,59.7012337,1,1,0
83737,59.70460003,1,1,0,59.70460003,1,1,0,59.70460003,1,1,0
83742,59.70833924,1,1,0,59.70833924,1,1,0,59.70833924,1,1,0
83747,59.71162407,1,1,0,59.71162407,1,1,0,59.71162407,1,1,0
83752,59.72643147,1,1,0,59.72643147,1,1,0,59.72643147,1,1,0
83757,59.72976686,1,1,0,59.72976686,1,1,0,59.72976686,1,1,0
83762,59.73305678,1,1,0,59.73305678,1,1,0,59.73305678,1,1,0
83767,59.73640237,1,1,0,59.73640237,1,1,0,59.73640237,1,1,0
83772,59.73973608,1,1,0,59.73973608,1,1,0,59.73973608,1,1,0
83777,59.74307119,1,1,0,59.74307119,1,1,0,59.74307119,1,1,0
83782,59.74637061,1,1,0,59.74637061,1,1,0,59.74637061,1,1,0
83787,59.7496893,1,1,0,59.7496893,1,1,0,59.7496893,1,1,0
83792,59.75298614,1,1,0,59.75298614,1,1,0,59.75298614,1,1,0
83797,59.7562651,1,1,0,59.7562651,1,1,0,59.7562651,1,1,0
83802,59.75960216,1,1,0,59.75960216,1,1,0,59.75960216,1,1,0
83807,59.76288321,1,1,0,59.76288321,1,1,0,59.76288321,1,1,0
83812,59.76620219,1,1,0,59.76620219,1,1,0,59.76620219,1,1,0
83817,59.7694882,1,1,0,59.7694882,1,1,0,59.7694882,1,1,0
83822,59.77275787,1,1,0,59.77275787,1,1,0,59.77275787,1,1,0
83827,59.77608795,1,1,0,59.77608795,1,1,0,59.77608795,1,1,0
83832,59.77939253,1,1,0,59.77939253,1,1,0,59.77939253,1,1,0
83837,59.78273093,1,1,0,59.78273093,1,1,0,59.78273093,1,1,0
83842,59.78604774,1,1,0,59.78604774,1,1,0,59.78604774,1,1,0
83847,59.78934122,1,1,0,59.78934122,1,1,0,59.78934122,1,1,0
83852,59.79264658,1,1,0,59.79264658,1,1,0,59.79264658,1,1,0
83857,59.79611418,1,1,0,59.79611418,1,1,0,59.79611418,1,1,0
83862,59.79956676,1,1,0,59.79956676,1,1,0,59.79956676,1,1,0
83867,59.80292527,1,1,0,59.80292527,1,1,0,59.80292527,1,1,0
83872,59.80626945,1,1,0,59.80626945,1,1,0,59.80626945,1,1,0
83877,59.80959143,1,1,0,59.80959143,1,1,0,59.80959143,1,1,0
83882,59.81294379,1,1,0,59.81294379,1,1,0,59.81294379,1,1,0
83887,59.81624349,1,1,0,59.81624349,1,1,0,59.81624349,1,1,0
83892,59.8195052,1,1,0,59.8195052,1,1,0,59.8195052,1,1,0
83897,59.82274909,1,1,0,59.82274909,1,1,0,59.82274909,1,1,0
83902,59.8259925,1,1,0,59.8259925,1,1,0,59.8259925,1,1,0
83907,59.82946157,1,1,0,59.82946157,1,1,0,59.82946157,1,1,0
83912,59.83320881,1,1,0,59.83320881,1,1,0,59.83320881,1,1,0
83917,59.8366695,1,1,0,59.8366695,1,1,0,59.8366695,1,1,0
83922,59.84007264,1,1,0,59.84007264,1,1,0,59.84007264,1,1,0
83927,59.84366309,1,1,0,59.84366309,1,1,0,59.84366309,1,1,0
83932,59.84700413,1,1,0,59.84700413,1,1,0,59.84700413,1,1,0
83937,59.85033212,1,1,0,59.85033212,1,1,0,59.85033212,1,1,0
83942,59.85367575,1,1,0,59.85367575,1,1,0,59.85367575,1,1,0
83947,59.85697775,1,1,0,59.85697775,1,1,0,59.85697775,1,1,0
83952,59.86026628,1,1,0,59.86026628,1,1,0,59.86026628,1,1,0
83957,59.86363366,1,1,0,59.86363366,1,1,0,59.86363366,1,1,0
83962,59.86693021,1,1,0,59.86693021,1,1,0,59.86693021,1,1,0
83967,59.87023277,1,1,0,59.87023277,1,1,0,59.87023277,1,1,0
83968,59.87086911,1,1,0,59.87086911,1,1,0,59.87086911,1,1,0
83973,59.87420645,1,1,0,59.87420645,1,1,0,59.87420645,1,1,0
83978,59.87755595,1,1,0,59.87755595,1,1,0,59.87755595,1,1,0
83983,59.88081262,1,1,0,59.88081262,1,1,0,59.88081262,1,1,0
83988,59.88416806,1,1,0,59.88416806,1,1,0,59.88416806,1,1,0
83993,59.88748138,1,1,0,59.88748138,1,1,0,59.88748138,1,1,0
83998,59.89112791,1,1,0,59.89112791,1,1,0,59.89112791,1,1,0
84003,59.89446938,1,1,0,59.89446938,1,1,0,59.89446938,1,1,0
84007,59.89734876,1,1,0,59.89734876,1,1,0,59.89734876,1,1,0
84012,59.90064092,1,1,0,59.90064092,1,1,0,59.90064092,1,1,0
84017,59.90399712,1,1,0,59.90399712,1,1,0,59.90399712,1,1,0
84022,59.90734725,1,1,0,59.90734725,1,1,0,59.90734725,1,1,0
84027,59.91068347,1,1,0,59.91068347,1,1,0,59.91068347,1,1,0
84032,59.91399714,1,1,0,59.91399714,1,1,0,59.91399714,1,1,0
84037,59.91734594,1,1,0,59.91734594,1,1,0,59.91734594,1,1,0
84042,59.92059123,1,1,0,59.92059123,1,1,0,59.92059123,1,1,0
84047,59.92388471,1,1,0,59.92388471,1,1,0,59.92388471,1,1,0
84052,59.92724008,1,1,0,59.92724008,1,1,0,59.92724008,1,1,0
84057,59.93055263,1,1,0,59.93055263,1,1,0,59.93055263,1,1,0
84062,59.93390059,1,1,0,59.93390059,1,1,0,59.93390059,1,1,0
84067,59.93725267,1,1,0,59.93725267,1,1,0,59.93725267,1,1,0
84072,59.94048036,1,1,0,59.94048036,1,1,0,59.94048036,1,1,0
84077,59.9437853,1,1,0,59.9437853,1,1,0,59.9437853,1,1,0
84082,59.94704079,1,1,0,59.94704079,1,1,0,59.94704079,1,1,0
84087,59.95041131,1,1,0,59.95041131,1,1,0,59.95041131,1,1,0
84092,59.95366715,1,1,0,59.95366715,1,1,0,59.95366715,1,1,0
84097,59.95699702,1,1,0,59.95699702,1,1,0,59.95699702,1,1,0
84102,59.96033785,1,1,0,59.96033785,1,1,0,59.96033785,1,1,0
84107,59.96364656,1,1,0,59.96364656,1,1,0,59.96364656,1,1,0
84112,59.96693976,1,1,0,59.96693976,1,1,0,59.96693976,1,1,0
84117,59.97118359,1,1,0,59.97118359,1,1,0,59.97118359,1,1,0
84122,59.97466125,1,1,0,59.97466125,1,1,0,59.97466125,1,1,0
84127,59.97795124,1,1,0,59.97795124,1,1,0,59.97795124,1,1,0
84132,59.98127154,1,1,0,59.98127154,1,1,0,59.98127154,1,1,0
84137,59.98461238,1,1,0,59.98461238,1,1,0,59.98461238,1,1,0
84142,59.98791138,1,1,0,59.98791138,1,1,0,59.98791138,1,1,0
84147,59.99124977,1,1,0,59.99124977,1,1,0,59.99124977,1,1,0
84152,59.99459536,1,1,0,59.99459536,1,1,0,59.99459536,1,1,0
84157,59.99794751,1,1,0,59.99794751,1,1,0,59.99794751,1,1,0
84162,60.00137809,1,1,0,60.00137809,1,1,0,60.00137809,1,1,0
84167,60.00464539,1,1,0,60.00464539,1,1,0,60.00464539,1,1,0
84172,60.00800459,1,1,0,60.00800459,1,1,0,60.00800459,1,1,0
84177,60.01134054,1,1,0,60.01134054,1,1,0,60.01134054,1,1,0
84182,60.01456949,1,1,0,60.01456949,1,1,0,60.01456949,1,1,0
84187,60.01791179,1,1,0,60.01791179,1,1,0,60.01791179,1,1,0
84192,60.02124878,1,1,0,60.02124878,1,1,0,60.02124878,1,1,0
84197,60.0245401,1,1,0,60.0245401,1,1,0,60.0245401,1,1,0
84202,60.02790049,1,1,0,60.02790049,1,1,0,60.02790049,1,1,0
84207,60.03117791,1,1,0,60.03117791,1,1,0,60.03117791,1,1,0
84212,60.03527891,1,1,0,60.03527891,1,1,0,60.03527891,1,1,0
84217,60.03860005,1,1,0,60.03860005,1,1,0,60.03860005,1,1,0
84222,60.04190618,1,1,0,60.04190618,1,1,0,60.04190618,1,1,0
84224,60.04320308,1,1,0,60.04320308,1,1,0,60.04320308,1,1,0
84229,60.04652597,1,1,0,60.04652597,1,1,0,60.04652597,1,1,0
84234,60.04984529,1,1,0,60.04984529,1,1,0,60.04984529,1,1,0
84239,60.05319004,1,1,0,60.05319004,1,1,0,60.05319004,1,1,0
84244,60.05700057,1,1,0,60.05700057,1,1,0,60.05700057,1,1,0
84249,60.06046314,1,1,0,60.06046314,1,1,0,60.06046314,1,1,0
84254,60.06373692,1,1,0,60.06373692,1,1,0,60.06373692,1,1,0
84259,60.06703711,1,1,0,60.06703711,1,1,0,60.06703711,1,1,0
84262,60.06898061,1,1,0,60.06898061,1,1,0,60.06898061,1,1,0
84267,60.07234177,1,1,0,60.07234177,1,1,0,60.07234177,1,1,0
84272,60.07565376,1,1,0,60.07565376,1,1,0,60.07565376,1,1,0
84277,60.07899565,1,1,0,60.07899565,1,1,0,60.07899565,1,1,0
84282,60.08233271,1,1,0,60.08233271,1,1,0,60.08233271,1,1,0
84287,60.08564352,1,1,0,60.08564352,1,1,0,60.08564352,1,1,0
84292,60.08898037,1,1,0,60.08898037,1,1,0,60.08898037,1,1,0
84297,60.09235222,1,1,0,60.09235222,1,1,0,60.09235222,1,1,0
84302,60.09564668,1,1,0,60.09564668,1,1,0,60.09564668,1,1,0
84307,60.09899115,1,1,0,60.09899115,1,1,0,60.09899115,1,1,0
84312,60.10233094,1,1,0,60.10233094,1,1,0,60.10233094,1,1,0
84317,60.10565292,1,1,0,60.10565292,1,1,0,60.10565292,1,1,0
84322,60.10896903,1,1,0,60.10896903,1,1,0,60.10896903,1,1,0
84327,60.11231266,1,1,0,60.11231266,1,1,0,60.11231266,1,1,0
84332,60.11566956,1,1,0,60.11566956,1,1,0,60.11566956,1,1,0
84337,60.12540858,1,1,0,60.12540858,1,1,0,60.12540858,1,1,0
84342,60.12874704,1,1,0,60.12874704,1,1,0,60.12874704,1,1,0
84347,60.13208389,1,1,0,60.13208389,1,1,0,60.13208389,1,1,0
84352,60.13542948,1,1,0,60.13542948,1,1,0,60.13542948,1,1,0
84357,60.13871109,1,1,0,60.13871109,1,1,0,60.13871109,1,1,0
84362,60.1420103,1,1,0,60.1420103,1,1,0,60.1420103,1,1,0
84367,60.14526949,1,1,0,60.14526949,1,1,0,60.14526949,1,1,0
84372,60.14884032,1,1,0,60.14884032,1,1,0,60.14884032,1,1,0
84377,60.15218702,1,1,0,60.15218702,1,1,0,60.15218702,1,1,0
84382,60.1555354,1,1,0,60.1555354,1,1,0,60.1555354,1,1,0
84387,60.15886534,1,1,0,60.15886534,1,1,0,60.15886534,1,1,0
84392,60.16216497,1,1,0,60.16216497,1,1,0,60.16216497,1,1,0
84397,60.1654389,1,1,0,60.1654389,1,1,0,60.1654389,1,1,0
84402,60.16878001,1,1,0,60.16878001,1,1,0,60.16878001,1,1,0
84407,60.17210513,1,1,0,60.17210513,1,1,0,60.17210513,1,1,0
84412,60.17537697,1,1,0,60.17537697,1,1,0,60.17537697,1,1,0
84417,60.17871997,1,1,0,60.17871997,1,1,0,60.17871997,1,1,0
84422,60.18201932,1,1,0,60.18201932,1,1,0,60.18201932,1,1,0
84427,60.18538697,1,1,0,60.18538697,1,1,0,60.18538697,1,1,0
84432,60.18872152,1,1,0,60.18872152,1,1,0,60.18872152,1,1,0
84437,60.19206236,1,1,0,60.19206236,1,1,0,60.19206236,1,1,0
84442,60.19540948,1,1,0,60.19540948,1,1,0,60.19540948,1,1,0
84447,60.19875151,1,1,0,60.19875151,1,1,0,60.19875151,1,1,0
84452,60.20201286,1,1,0,60.20201286,1,1,0,60.20201286,1,1,0
84457,60.20534099,1,1,0,60.20534099,1,1,0,60.20534099,1,1,0
84462,60.20869244,1,1,0,60.20869244,1,1,0,60.20869244,1,1,0
84467,60.2120353,1,1,0,60.2120353,1,1,0,60.2120353,1,1,0
84472,60.2153732,1,1,0,60.2153732,1,1,0,60.2153732,1,1,0
84477,60.2187732,1,1,0,60.2187732,1,1,0,60.2187732,1,1,0
84480,60.22073639,1,1,0,60.22073639,1,1,0,60.22073639,1,1,0
84485,60.2240421,1,1,0,60.2240421,1,1,0,60.2240421,1,1,0
84490,60.22729067,1,1,0,60.22729067,1,1,0,60.22729067,1,1,0
84495,60.23056998,1,1,0,60.23056998,1,1,0,60.23056998,1,1,0
84500,60.23396746,1,1,0,60.23396746,1,1,0,60.23396746,1,1,0
84505,60.23740621,1,1,0,60.23740621,1,1,0,60.23740621,1,1,0
84510,60.24075117,1,1,0,60.24075117,1,1,0,60.24075117,1,1,0
84515,60.24405296,1,1,0,60.24405296,1,1,0,60.24405296,1,1,0
84517,60.2453903,1,1,0,60.2453903,1,1,0,60.2453903,1,1,0
84522,60.24874629,1,1,0,60.24874629,1,1,0,60.24874629,1,1,0
84527,60.25207805,1,1,0,60.25207805,1,1,0,60.25207805,1,1,0
84532,60.25537936,1,1,0,60.25537936,1,1,0,60.25537936,1,1,0
84537,60.25868471,1,1,0,60.25868471,1,1,0,60.25868471,1,1,0
84542,60.26200718,1,1,0,60.26200718,1,1,0,60.26200718,1,1,0
84547,60.26528921,1,1,0,60.26528921,1,1,0,60.26528921,1,1,0
84552,60.26862949,1,1,0,60.26862949,1,1,0,60.26862949,1,1,0
84557,60.27194232,1,1,0,60.27194232,1,1,0,60.27194232,1,1,0
84562,60.27528818,1,1,0,60.27528818,1,1,0,60.27528818,1,1,0
84567,60.2786425,1,1,0,60.2786425,1,1,0,60.2786425,1,1,0
84572,60.2818945,1,1,0,60.2818945,1,1,0,60.2818945,1,1,0
84577,60.28536105,1,1,0,60.28536105,1,1,0,60.28536105,1,1,0
84582,60.28871334,1,1,0,60.28871334,1,1,0,60.28871334,1,1,0
84587,60.29195982,1,1,0,60.29195982,1,1,0,60.29195982,1,1,0
84592,60.29529821,1,1,0,60.29529821,1,1,0,60.29529821,1,1,0
84597,60.2986387,1,1,0,60.2986387,1,1,0,60.2986387,1,1,0
84602,60.30197038,1,1,0,60.30197038,1,1,0,60.30197038,1,1,0
84607,60.30530535,1,1,0,60.30530535,1,1,0,60.30530535,1,1,0
84612,60.30861518,1,1,0,60.30861518,1,1,0,60.30861518,1,1,0
84617,60.31196237,1,1,0,60.31196237,1,1,0,60.31196237,1,1,0
84622,60.31522317,1,1,0,60.31522317,1,1,0,60.31522317,1,1,0
84627,60.31855772,1,1,0,60.31855772,1,1,0,60.31855772,1,1,0
84632,60.32193438,1,1,0,60.32193438,1,1,0,60.32193438,1,1,0
84637,60.32522864,1,1,0,60.32522864,1,1,0,60.32522864,1,1,0
84642,60.32855997,1,1,0,60.32855997,1,1,0,60.32855997,1,1,0
84647,60.33190821,1,1,0,60.33190821,1,1,0,60.33190821,1,1,0
84652,60.33526462,1,1,0,60.33526462,1,1,0,60.33526462,1,1,0
84657,60.33863472,1,1,0,60.33863472,1,1,0,60.33863472,1,1,0
84662,60.3420593,1,1,0,60.3420593,1,1,0,60.3420593,1,1,0
84667,60.34558222,1,1,0,60.34558222,1,1,0,60.34558222,1,1,0
84672,60.34918084,1,1,0,60.34918084,1,1,0,60.34918084,1,1,0
84677,60.35252671,1,1,0,60.35252671,1,1,0,60.35252671,1,1,0
84682,60.35586824,1,1,0,60.35586824,1,1,0,60.35586824,1,1,0
84687,60.35919071,1,1,0,60.35919071,1,1,0,60.35919071,1,1,0
84692,60.36249844,1,1,0,60.36249844,1,1,0,60.36249844,1,1,0
84697,60.36580484,1,1,0,60.36580484,1,1,0,60.36580484,1,1,0
84702,60.36901012,1,1,0,60.36901012,1,1,0,60.36901012,1,1,0
84707,60.37236625,1,1,0,60.37236625,1,1,0,60.37236625,1,1,0
84712,60.37569772,1,1,0,60.37569772,1,1,0,60.37569772,1,1,0
84717,60.37898897,1,1,0,60.37898897,1,1,0,60.37898897,1,1,0
84722,60.38228574,1,1,0,60.38228574,1,1,0,60.38228574,1,1,0
84727,60.385611,1,1,0,60.385611,1,1,0,60.385611,1,1,0
84732,60.38904906,1,1,0,60.38904906,1,1,0,60.38904906,1,1,0
84736,60.39163106,1,1,0,60.39163106,1,1,0,60.39163106,1,1,0
84741,60.39495143,1,1,0,60.39495143,1,1,0,60.39495143,1,1,0
84746,60.39829925,1,1,0,60.39829925,1,1,0,60.39829925,1,1,0
84751,60.4047723,1,1,0,60.4047723,1,1,0,60.4047723,1,1,0
84756,60.40810622,1,1,0,60.40810622,1,1,0,60.40810622,1,1,0
84761,60.41147542,1,1,0,60.41147542,1,1,0,60.41147542,1,1,0
84766,60.41501111,1,1,0,60.41501111,1,1,0,60.41501111,1,1,0
84771,60.41834629,1,1,0,60.41834629,1,1,0,60.41834629,1,1,0
84772,60.41901468,1,1,0,60.41901468,1,1,0,60.41901468,1,1,0
84777,60.42243863,1,1,0,60.42243863,1,1,0,60.42243863,1,1,0
84782,60.42576676,1,1,0,60.42576676,1,1,0,60.42576676,1,1,0
84787,60.42909984,1,1,0,60.42909984,1,1,0,60.42909984,1,1,0
84792,60.43240974,1,1,0,60.43240974,1,1,0,60.43240974,1,1,0
84797,60.43574485,1,1,0,60.43574485,1,1,0,60.43574485,1,1,0
84802,60.43916286,1,1,0,60.43916286,1,1,0,60.43916286,1,1,0
84807,60.44250621,1,1,0,60.44250621,1,1,0,60.44250621,1,1,0
84812,60.44577902,1,1,0,60.44577902,1,1,0,60.44577902,1,1,0
84817,60.44909436,1,1,0,60.44909436,1,1,0,60.44909436,1,1,0
84822,60.45243226,1,1,0,60.45243226,1,1,0,60.45243226,1,1,0
84827,60.45585482,1,1,0,60.45585482,1,1,0,60.45585482,1,1,0
84832,60.45918776,1,1,0,60.45918776,1,1,0,60.45918776,1,1,0
84837,60.46246839,1,1,0,60.46246839,1,1,0,60.46246839,1,1,0
84842,60.46577214,1,1,0,60.46577214,1,1,0,60.46577214,1,1,0
84847,60.46930616,1,1,0,60.46930616,1,1,0,60.46930616,1,1,0
84852,60.47329891,1,1,0,60.47329891,1,1,0,60.47329891,1,1,0
84857,60.47683544,1,1,0,60.47683544,1,1,0,60.47683544,1,1,0
84862,60.48033601,1,1,0,60.48033601,1,1,0,60.48033601,1,1,0
84867,60.48419249,1,1,0,60.48419249,1,1,0,60.48419249,1,1,0
84872,60.48783008,1,1,0,60.48783008,1,1,0,60.48783008,1,1,0
84877,60.4910415,1,1,0,60.4910415,1,1,0,60.4910415,1,1,0
84882,60.49459934,1,1,0,60.49459934,1,1,0,60.49459934,1,1,0
84887,60.49804801,1,1,0,60.49804801,1,1,0,60.49804801,1,1,0
84892,60.50129729,1,1,0,60.50129729,1,1,0,60.50129729,1,1,0
84897,60.50465467,1,1,0,60.50465467,1,1,0,60.50465467,1,1,0
84902,60.50793622,1,1,0,60.50793622,1,1,0,60.50793622,1,1,0
84907,60.51135122,1,1,0,60.51135122,1,1,0,60.51135122,1,1,0
84912,60.51472,1,1,0,60.51472,1,1,0,60.51472,1,1,0
84917,60.51797122,1,1,0,60.51797122,1,1,0,60.51797122,1,1,0
84922,60.52132603,1,1,0,60.52132603,1,1,0,60.52132603,1,1,0
84927,60.52463963,1,1,0,60.52463963,1,1,0,60.52463963,1,1,0
84932,60.52805911,1,1,0,60.52805911,1,1,0,60.52805911,1,1,0
84937,60.5329253,1,1,0,60.5329253,1,1,0,60.5329253,1,1,0
84942,60.53630832,1,1,0,60.53630832,1,1,0,60.53630832,1,1,0
84947,60.53963924,1,1,0,60.53963924,1,1,0,60.53963924,1,1,0
84952,60.5432945,1,1,0,60.5432945,1,1,0,60.5432945,1,1,0
84957,60.54663471,1,1,0,60.54663471,1,1,0,60.54663471,1,1,0
84962,60.54994656,1,1,0,60.54994656,1,1,0,60.54994656,1,1,0
84967,60.55320527,1,1,0,60.55320527,1,1,0,60.55320527,1,1,0
84972,60.55646739,1,1,0,60.55646739,1,1,0,60.55646739,1,1,0
84977,60.55976157,1,1,0,60.55976157,1,1,0,60.55976157,1,1,0
84982,60.56318601,1,1,0,60.56318601,1,1,0,60.56318601,1,1,0
84987,60.56652677,1,1,0,60.56652677,1,1,0,60.56652677,1,1,0
84992,60.57009942,1,1,0,60.57009942,1,1,0,60.57009942,1,1,0
84997,60.5734603,1,1,0,60.5734603,1,1,0,60.5734603,1,1,0
85002,60.576952,1,1,0,60.576952,1,1,0,60.576952,1,1,0
85007,60.58028382,1,1,0,60.58028382,1,1,0,60.58028382,1,1,0
85012,60.58363465,1,1,0,60.58363465,1,1,0,60.58363465,1,1,0
85017,60.58698114,1,1,0,60.58698114,1,1,0,60.58698114,1,1,0
85022,60.59052703,1,1,0,60.59052703,1,1,0,60.59052703,1,1,0
85027,60.59372148,1,1,0,60.59372148,1,1,0,60.59372148,1,1,0
85032,60.59707042,1,1,0,60.59707042,1,1,0,60.59707042,1,1,0
85037,60.60040231,1,1,0,60.60040231,1,1,0,60.60040231,1,1,0
85042,60.60378107,1,1,0,60.60378107,1,1,0,60.60378107,1,1,0
85047,60.60707274,1,1,0,60.60707274,1,1,0,60.60707274,1,1,0
85052,60.61041756,1,1,0,60.61041756,1,1,0,60.61041756,1,1,0
85057,60.61373458,1,1,0,60.61373458,1,1,0,60.61373458,1,1,0
85062,60.61703484,1,1,0,60.61703484,1,1,0,60.61703484,1,1,0
85067,60.62052646,1,1,0,60.62052646,1,1,0,60.62052646,1,1,0
85072,60.62379815,1,1,0,60.62379815,1,1,0,60.62379815,1,1,0
85077,60.62791703,1,1,0,60.62791703,1,1,0,60.62791703,1,1,0
85082,60.6312673,1,1,0,60.6312673,1,1,0,60.6312673,1,1,0
85087,60.63460625,1,1,0,60.63460625,1,1,0,60.63460625,1,1,0
85092,60.63798361,1,1,0,60.63798361,1,1,0,60.63798361,1,1,0
85097,60.64126404,1,1,0,60.64126404,1,1,0,60.64126404,1,1,0
85102,60.64458937,1,1,0,60.64458937,1,1,0,60.64458937,1,1,0
85107,60.64793265,1,1,0,60.64793265,1,1,0,60.64793265,1,1,0
85112,60.65123472,1,1,0,60.65123472,1,1,0,60.65123472,1,1,0
85117,60.6545516,1,1,0,60.6545516,1,1,0,60.6545516,1,1,0
85122,60.65789579,1,1,0,60.65789579,1,1,0,60.65789579,1,1,0
85127,60.66122971,1,1,0,60.66122971,1,1,0,60.66122971,1,1,0
85132,60.67096007,1,1,0,60.67096007,1,1,0,60.67096007,1,1,0
85137,60.67420355,1,1,0,60.67420355,1,1,0,60.67420355,1,1,0
85142,60.67751498,1,1,0,60.67751498,1,1,0,60.67751498,1,1,0
85147,60.68082494,1,1,0,60.68082494,1,1,0,60.68082494,1,1,0
85152,60.68418862,1,1,0,60.68418862,1,1,0,60.68418862,1,1,0
85157,60.68757793,1,1,0,60.68757793,1,1,0,60.68757793,1,1,0
85162,60.69102723,1,1,0,60.69102723,1,1,0,60.69102723,1,1,0
85167,60.69434397,1,1,0,60.69434397,1,1,0,60.69434397,1,1,0
85172,60.69767978,1,1,0,60.69767978,1,1,0,60.69767978,1,1,0
85177,60.7010387,1,1,0,60.7010387,1,1,0,60.7010387,1,1,0
85182,60.70443555,1,1,0,60.70443555,1,1,0,60.70443555,1,1,0
85187,60.707935,1,1,0,60.707935,1,1,0,60.707935,1,1,0
85192,60.71128505,1,1,0,60.71128505,1,1,0,60.71128505,1,1,0
85197,60.71452595,1,1,0,60.71452595,1,1,0,60.71452595,1,1,0
85202,60.71785819,1,1,0,60.71785819,1,1,0,60.71785819,1,1,0
85207,60.72125337,1,1,0,60.72125337,1,1,0,60.72125337,1,1,0
85212,60.72484962,1,1,0,60.72484962,1,1,0,60.72484962,1,1,0
85217,60.72824556,1,1,0,60.72824556,1,1,0,60.72824556,1,1,0
85222,60.73153764,1,1,0,60.73153764,1,1,0,60.73153764,1,1,0
85227,60.73483532,1,1,0,60.73483532,1,1,0,60.73483532,1,1,0
85232,60.73812936,1,1,0,60.73812936,1,1,0,60.73812936,1,1,0
85237,60.74148696,1,1,0,60.74148696,1,1,0,60.74148696,1,1,0
85242,60.74470578,1,1,0,60.74470578,1,1,0,60.74470578,1,1,0
85247,60.74812414,1,1,0,60.74812414,1,1,0,60.74812414,1,1,0
85248,60.74879477,1,1,0,60.74879477,1,1,0,60.74879477,1,1,0
85253,60.75209188,1,1,0,60.75209188,1,1,0,60.75209188,1,1,0
85258,60.75543069,1,1,0,60.75543069,1,1,0,60.75543069,1,1,0
85263,60.75877216,1,1,0,60.75877216,1,1,0,60.75877216,1,1,0
85268,60.76228446,1,1,0,60.76228446,1,1,0,60.76228446,1,1,0
85273,60.76560469,1,1,0,60.76560469,1,1,0,60.76560469,1,1,0
85278,60.76897765,1,1,0,60.76897765,1,1,0,60.76897765,1,1,0
85282,60.7716223,1,1,0,60.7716223,1,1,0,60.7716223,1,1,0
85287,60.77493066,1,1,0,60.77493066,1,1,0,60.77493066,1,1,0
85292,60.77820578,1,1,0,60.77820578,1,1,0,60.77820578,1,1,0
85297,60.78159592,1,1,0,60.78159592,1,1,0,60.78159592,1,1,0
85302,60.78492041,1,1,0,60.78492041,1,1,0,60.78492041,1,1,0
85307,60.78826048,1,1,0,60.78826048,1,1,0,60.78826048,1,1,0
85312,60.79158791,1,1,0,60.79158791,1,1,0,60.79158791,1,1,0
85317,60.79490172,1,1,0,60.79490172,1,1,0,60.79490172,1,1,0
85322,60.79821804,1,1,0,60.79821804,1,1,0,60.79821804,1,1,0
85327,60.80160818,1,1,0,60.80160818,1,1,0,60.80160818,1,1,0
85332,60.80495083,1,1,0,60.80495083,1,1,0,60.80495083,1,1,0
85337,60.80829831,1,1,0,60.80829831,1,1,0,60.80829831,1,1,0
85342,60.8116221,1,1,0,60.8116221,1,1,0,60.8116221,1,1,0
85347,60.8149285,1,1,0,60.8149285,1,1,0,60.8149285,1,1,0
85352,60.81828869,1,1,0,60.81828869,1,1,0,60.81828869,1,1,0
85357,60.82161472,1,1,0,60.82161472,1,1,0,60.82161472,1,1,0
85362,60.82503021,1,1,0,60.82503021,1,1,0,60.82503021,1,1,0
85367,60.8284096,1,1,0,60.8284096,1,1,0,60.8284096,1,1,0
85372,60.83186784,1,1,0,60.83186784,1,1,0,60.83186784,1,1,0
85377,60.8351584,1,1,0,60.8351584,1,1,0,60.8351584,1,1,0
85382,60.83842667,1,1,0,60.83842667,1,1,0,60.83842667,1,1,0
85387,60.84176785,1,1,0,60.84176785,1,1,0,60.84176785,1,1,0
85392,60.84496265,1,1,0,60.84496265,1,1,0,60.84496265,1,1,0
85397,60.84824705,1,1,0,60.84824705,1,1,0,60.84824705,1,1,0
85402,60.85159669,1,1,0,60.85159669,1,1,0,60.85159669,1,1,0
85407,60.85921767,1,1,0,60.85921767,1,1,0,60.85921767,1,1,0
85412,60.86262863,1,1,0,60.86262863,1,1,0,60.86262863,1,1,0
85417,60.86597295,1,1,0,60.86597295,1,1,0,60.86597295,1,1,0
85422,60.86930227,1,1,0,60.86930227,1,1,0,60.86930227,1,1,0
85427,60.87257598,1,1,0,60.87257598,1,1,0,60.87257598,1,1,0
85432,60.87607494,1,1,0,60.87607494,1,1,0,60.87607494,1,1,0
85437,60.879384,1,1,0,60.879384,1,1,0,60.879384,1,1,0
85442,60.88269641,1,1,0,60.88269641,1,1,0,60.88269641,1,1,0
85447,60.88606826,1,1,0,60.88606826,1,1,0,60.88606826,1,1,0
85452,60.88940595,1,1,0,60.88940595,1,1,0,60.88940595,1,1,0
85457,60.89275447,1,1,0,60.89275447,1,1,0,60.89275447,1,1,0
85462,60.89610746,1,1,0,60.89610746,1,1,0,60.89610746,1,1,0
85467,60.89942804,1,1,0,60.89942804,1,1,0,60.89942804,1,1,0
85472,60.90268521,1,1,0,60.90268521,1,1,0,60.90268521,1,1,0
85477,60.90601054,1,1,0,60.90601054,1,1,0,60.90601054,1,1,0
85482,60.9093601,1,1,0,60.9093601,1,1,0,60.9093601,1,1,0
85487,60.91270332,1,1,0,60.91270332,1,1,0,60.91270332,1,1,0
85492,60.91608054,1,1,0,60.91608054,1,1,0,60.91608054,1,1,0
85497,60.91943276,1,1,0,60.91943276,1,1,0,60.91943276,1,1,0
85502,60.92276256,1,1,0,60.92276256,1,1,0,60.92276256,1,1,0
85504,60.92479309,1,1,0,60.92479309,1,1,0,60.92479309,1,1,0
85509,60.92806806,1,1,0,60.92806806,1,1,0,60.92806806,1,1,0
85514,60.93158469,1,1,0,60.93158469,1,1,0,60.93158469,1,1,0
85519,60.93825002,1,1,0,60.93825002,1,1,0,60.93825002,1,1,0
85524,60.94160713,1,1,0,60.94160713,1,1,0,60.94160713,1,1,0
85529,60.9449407,1,1,0,60.9449407,1,1,0,60.9449407,1,1,0
85534,60.9482645,1,1,0,60.9482645,1,1,0,60.9482645,1,1,0
85537,60.95027463,1,1,0,60.95027463,1,1,0,60.95027463,1,1,0
85542,60.95445923,1,1,0,60.95445923,1,1,0,60.95445923,1,1,0
85547,60.95796098,1,1,0,60.95796098,1,1,0,60.95796098,1,1,0
85552,60.96129441,1,1,0,60.96129441,1,1,0,60.96129441,1,1,0
85557,60.9646349,1,1,0,60.9646349,1,1,0,60.9646349,1,1,0
85562,60.96798496,1,1,0,60.96798496,1,1,0,60.96798496,1,1,0
85567,60.97132524,1,1,0,60.97132524,1,1,0,60.97132524,1,1,0
85572,60.97472439,1,1,0,60.97472439,1,1,0,60.97472439,1,1,0
85577,60.97809673,1,1,0,60.97809673,1,1,0,60.97809673,1,1,0
85582,60.98140201,1,1,0,60.98140201,1,1,0,60.98140201,1,1,0
85587,60.9847448,1,1,0,60.9847448,1,1,0,60.9847448,1,1,0
85592,60.98804576,1,1,0,60.98804576,1,1,0,60.98804576,1,1,0
85597,60.99846288,1,1,0,60.99846288,1,1,0,60.99846288,1,1,0
85602,61.00179456,1,1,0,61.00179456,1,1,0,61.00179456,1,1,0
85607,61.00564895,1,1,0,61.00564895,1,1,0,61.00564895,1,1,0
85612,61.00919917,1,1,0,61.00919917,1,1,0,61.00919917,1,1,0
85617,61.01252011,1,1,0,61.01252011,1,1,0,61.01252011,1,1,0
85622,61.01579306,1,1,0,61.01579306,1,1,0,61.01579306,1,1,0
85627,61.01914681,1,1,0,61.01914681,1,1,0,61.01914681,1,1,0
85632,61.02247654,1,1,0,61.02247654,1,1,0,61.02247654,1,1,0
85637,61.02581647,1,1,0,61.02581647,1,1,0,61.02581647,1,1,0
85642,61.0291997,1,1,0,61.0291997,1,1,0,61.0291997,1,1,0
85647,61.03258251,1,1,0,61.03258251,1,1,0,61.03258251,1,1,0
85652,61.03588752,1,1,0,61.03588752,1,1,0,61.03588752,1,1,0
85657,61.03921041,1,1,0,61.03921041,1,1,0,61.03921041,1,1,0
85662,61.04244599,1,1,0,61.04244599,1,1,0,61.04244599,1,1,0
85667,61.04579227,1,1,0,61.04579227,1,1,0,61.04579227,1,1,0
85672,61.04916363,1,1,0,61.04916363,1,1,0,61.04916363,1,1,0
85677,61.05248624,1,1,0,61.05248624,1,1,0,61.05248624,1,1,0
85682,61.05617699,1,1,0,61.05617699,1,1,0,61.05617699,1,1,0
85687,61.05951021,1,1,0,61.05951021,1,1,0,61.05951021,1,1,0
85692,61.06287165,1,1,0,61.06287165,1,1,0,61.06287165,1,1,0
85697,61.06620564,1,1,0,61.06620564,1,1,0,61.06620564,1,1,0
85702,61.06949584,1,1,0,61.06949584,1,1,0,61.06949584,1,1,0
85707,61.07277438,1,1,0,61.07277438,1,1,0,61.07277438,1,1,0
85712,61.07611731,1,1,0,61.07611731,1,1,0,61.07611731,1,1,0
85717,61.07947659,1,1,0,61.07947659,1,1,0,61.07947659,1,1,0
85722,61.0828295,1,1,0,61.0828295,1,1,0,61.0828295,1,1,0
85727,61.08637665,1,1,0,61.08637665,1,1,0,61.08637665,1,1,0
85732,61.08972147,1,1,0,61.08972147,1,1,0,61.08972147,1,1,0
85737,61.09296565,1,1,0,61.09296565,1,1,0,61.09296565,1,1,0
85742,61.0962791,1,1,0,61.0962791,1,1,0,61.0962791,1,1,0
85747,61.09961833,1,1,0,61.09961833,1,1,0,61.09961833,1,1,0
85752,61.10368064,1,1,0,61.10368064,1,1,0,61.10368064,1,1,0
85757,61.10702706,1,1,0,61.10702706,1,1,0,61.10702706,1,1,0
85760,61.10899389,1,1,0,61.10899389,1,1,0,61.10899389,1,1,0
85765,61.11233242,1,1,0,61.11233242,1,1,0,61.11233242,1,1,0
85770,61.11566271,1,1,0,61.11566271,1,1,0,61.11566271,1,1,0
85775,61.12153687,1,1,0,61.12153687,1,1,0,61.12153687,1,1,0
85780,61.12682596,1,1,0,61.12682596,1,1,0,61.12682596,1,1,0
85785,61.1301654,1,1,0,61.1301654,1,1,0,61.1301654,1,1,0
85790,61.13350512,1,1,0,61.13350512,1,1,0,61.13350512,1,1,0
85792,61.13482562,1,1,0,61.13482562,1,1,0,61.13482562,1,1,0
85797,61.13816534,1,1,0,61.13816534,1,1,0,61.13816534,1,1,0
85802,61.14139806,1,1,0,61.14139806,1,1,0,61.14139806,1,1,0
85807,61.14487097,1,1,0,61.14487097,1,1,0,61.14487097,1,1,0
85812,61.14827837,1,1,0,61.14827837,1,1,0,61.14827837,1,1,0
85817,61.15161844,1,1,0,61.15161844,1,1,0,61.15161844,1,1,0
85822,61.1549548,1,1,0,61.1549548,1,1,0,61.1549548,1,1,0
85827,61.15827105,1,1,0,61.15827105,1,1,0,61.15827105,1,1,0
85832,61.16164967,1,1,0,61.16164967,1,1,0,61.16164967,1,1,0
85837,61.16498402,1,1,0,61.16498402,1,1,0,61.16498402,1,1,0
85842,61.16832101,1,1,0,61.16832101,1,1,0,61.16832101,1,1,0
85847,61.17166597,1,1,0,61.17166597,1,1,0,61.17166597,1,1,0
85852,61.17496609,1,1,0,61.17496609,1,1,0,61.17496609,1,1,0
85857,61.17826823,1,1,0,61.17826823,1,1,0,61.17826823,1,1,0
85862,61.18164042,1,1,0,61.18164042,1,1,0,61.18164042,1,1,0
85867,61.18493279,1,1,0,61.18493279,1,1,0,61.18493279,1,1,0
85872,61.18826748,1,1,0,61.18826748,1,1,0,61.18826748,1,1,0
85877,61.19151668,1,1,0,61.19151668,1,1,0,61.19151668,1,1,0
85882,61.19492171,1,1,0,61.19492171,1,1,0,61.19492171,1,1,0
85887,61.19828189,1,1,0,61.19828189,1,1,0,61.19828189,1,1,0
85892,61.20156762,1,1,0,61.20156762,1,1,0,61.20156762,1,1,0
85897,61.20495085,1,1,0,61.20495085,1,1,0,61.20495085,1,1,0
85902,61.20890721,1,1,0,61.20890721,1,1,0,61.20890721,1,1,0
85907,61.21220278,1,1,0,61.21220278,1,1,0,61.21220278,1,1,0
85912,61.21549187,1,1,0,61.21549187,1,1,0,61.21549187,1,1,0
85917,61.21906814,1,1,0,61.21906814,1,1,0,61.21906814,1,1,0
85922,61.22266949,1,1,0,61.22266949,1,1,0,61.22266949,1,1,0
85927,61.22597722,1,1,0,61.22597722,1,1,0,61.22597722,1,1,0
85932,61.2292163,1,1,0,61.2292163,1,1,0,61.2292163,1,1,0
85937,61.23259457,1,1,0,61.23259457,1,1,0,61.23259457,1,1,0
85942,61.23592549,1,1,0,61.23592549,1,1,0,61.23592549,1,1,0
85947,61.2393069,1,1,0,61.2393069,1,1,0,61.2393069,1,1,0
85952,61.24270347,1,1,0,61.24270347,1,1,0,61.24270347,1,1,0
85957,61.24606435,1,1,0,61.24606435,1,1,0,61.24606435,1,1,0
85962,61.24940177,1,1,0,61.24940177,1,1,0,61.24940177,1,1,0
85967,61.25265509,1,1,0,61.25265509,1,1,0,61.25265509,1,1,0
85972,61.25590464,1,1,0,61.25590464,1,1,0,61.25590464,1,1,0
85977,61.25913359,1,1,0,61.25913359,1,1,0,61.25913359,1,1,0
85982,61.26281805,1,1,0,61.26281805,1,1,0,61.26281805,1,1,0
85987,61.26613032,1,1,0,61.26613032,1,1,0,61.26613032,1,1,0
85992,61.26950434,1,1,0,61.26950434,1,1,0,61.26950434,1,1,0
85997,61.27313257,1,1,0,61.27313257,1,1,0,61.27313257,1,1,0
86002,61.27666897,1,1,0,61.27666897,1,1,0,61.27666897,1,1,0
86007,61.27996999,1,1,0,61.27996999,1,1,0,61.27996999,1,1,0
86012,61.28329798,1,1,0,61.28329798,1,1,0,61.28329798,1,1,0
86016,61.28596407,1,1,0,61.28596407,1,1,0,61.28596407,1,1,0
86021,61.28929883,1,1,0,61.28929883,1,1,0,61.28929883,1,1,0
86026,61.29262814,1,1,0,61.29262814,1,1,0,61.29262814,1,1,0
86031,61.29592672,1,1,0,61.29592672,1,1,0,61.29592672,1,1,0
86036,61.2992728,1,1,0,61.2992728,1,1,0,61.2992728,1,1,0
86041,61.30337233,1,1,0,61.30337233,1,1,0,61.30337233,1,1,0
86046,61.30712174,1,1,0,61.30712174,1,1,0,61.30712174,1,1,0
86047,61.30778881,1,1,0,61.30778881,1,1,0,61.30778881,1,1,0
86052,61.3112034,1,1,0,61.3112034,1,1,0,61.3112034,1,1,0
86057,61.3145427,1,1,0,61.3145427,1,1,0,61.3145427,1,1,0
86062,61.31788758,1,1,0,61.31788758,1,1,0,61.31788758,1,1,0
86067,61.32141595,1,1,0,61.32141595,1,1,0,61.32141595,1,1,0
86072,61.32475182,1,1,0,61.32475182,1,1,0,61.32475182,1,1,0
86077,61.3280861,1,1,0,61.3280861,1,1,0,61.3280861,1,1,0
86082,61.33142931,1,1,0,61.33142931,1,1,0,61.33142931,1,1,0
86087,61.33472803,1,1,0,61.33472803,1,1,0,61.33472803,1,1,0
86092,61.33851648,1,1,0,61.33851648,1,1,0,61.33851648,1,1,0
86097,61.34185774,1,1,0,61.34185774,1,1,0,61.34185774,1,1,0
86102,61.34506671,1,1,0,61.34506671,1,1,0,61.34506671,1,1,0
86107,61.34839421,1,1,0,61.34839421,1,1,0,61.34839421,1,1,0
86112,61.35167261,1,1,0,61.35167261,1,1,0,61.35167261,1,1,0
86117,61.35517457,1,1,0,61.35517457,1,1,0,61.35517457,1,1,0
86122,61.3586657,1,1,0,61.3586657,1,1,0,61.3586657,1,1,0
86127,61.36202638,1,1,0,61.36202638,1,1,0,61.36202638,1,1,0
86132,61.36530505,1,1,0,61.36530505,1,1,0,61.36530505,1,1,0
86137,61.36861788,1,1,0,61.36861788,1,1,0,61.36861788,1,1,0
86142,61.37279026,1,1,0,61.37279026,1,1,0,61.37279026,1,1,0
86147,61.37860065,1,1,0,61.37860065,1,1,0,61.37860065,1,1,0
86152,61.38194254,1,1,0,61.38194254,1,1,0,61.38194254,1,1,0
86157,61.38527702,1,1,0,61.38527702,1,1,0,61.38527702,1,1,0
86162,61.38861604,1,1,0,61.38861604,1,1,0,61.38861604,1,1,0
86167,61.39209446,1,1,0,61.39209446,1,1,0,61.39209446,1,1,0
86172,61.39558232,1,1,0,61.39558232,1,1,0,61.39558232,1,1,0
86177,61.39891994,1,1,0,61.39891994,1,1,0,61.39891994,1,1,0
86182,61.40220616,1,1,0,61.40220616,1,1,0,61.40220616,1,1,0
86187,61.40551955,1,1,0,61.40551955,1,1,0,61.40551955,1,1,0
86192,61.40877539,1,1,0,61.40877539,1,1,0,61.40877539,1,1,0
86197,61.41229537,1,1,0,61.41229537,1,1,0,61.41229537,1,1,0
86202,61.4155929,1,1,0,61.4155929,1,1,0,61.4155929,1,1,0
86207,61.41894442,1,1,0,61.41894442,1,1,0,61.41894442,1,1,0
86212,61.42231844,1,1,0,61.42231844,1,1,0,61.42231844,1,1,0
86217,61.42561192,1,1,0,61.42561192,1,1,0,61.42561192,1,1,0
86222,61.42888592,1,1,0,61.42888592,1,1,0,61.42888592,1,1,0
86227,61.43221104,1,1,0,61.43221104,1,1,0,61.43221104,1,1,0
86232,61.43556032,1,1,0,61.43556032,1,1,0,61.43556032,1,1,0
86237,61.43887839,1,1,0,61.43887839,1,1,0,61.43887839,1,1,0
86242,61.44223899,1,1,0,61.44223899,1,1,0,61.44223899,1,1,0
86247,61.44557243,1,1,0,61.44557243,1,1,0,61.44557243,1,1,0
86252,61.44886235,1,1,0,61.44886235,1,1,0,61.44886235,1,1,0
86257,61.45221869,1,1,0,61.45221869,1,1,0,61.45221869,1,1,0
86262,61.45552586,1,1,0,61.45552586,1,1,0,61.45552586,1,1,0
86267,61.45887585,1,1,0,61.45887585,1,1,0,61.45887585,1,1,0
86272,61.46223952,1,1,0,61.46223952,1,1,0,61.46223952,1,1,0
86277,61.46552833,1,1,0,61.46552833,1,1,0,61.46552833,1,1,0
86282,61.46900969,1,1,0,61.46900969,1,1,0,61.46900969,1,1,0
86287,61.47241974,1,1,0,61.47241974,1,1,0,61.47241974,1,1,0
86292,61.47588217,1,1,0,61.47588217,1,1,0,61.47588217,1,1,0
86297,61.47923068,1,1,0,61.47923068,1,1,0,61.47923068,1,1,0
86302,61.48256824,1,1,0,61.48256824,1,1,0,61.48256824,1,1,0
86307,61.48593087,1,1,0,61.48593087,1,1,0,61.48593087,1,1,0
86312,61.48953731,1,1,0,61.48953731,1,1,0,61.48953731,1,1,0
86317,61.49286781,1,1,0,61.49286781,1,1,0,61.49286781,1,1,0
86322,61.49620907,1,1,0,61.49620907,1,1,0,61.49620907,1,1,0
86327,61.49957302,1,1,0,61.49957302,1,1,0,61.49957302,1,1,0
86332,61.50288969,1,1,0,61.50288969,1,1,0,61.50288969,1,1,0
86337,61.50627516,1,1,0,61.50627516,1,1,0,61.50627516,1,1,0
86342,61.50983788,1,1,0,61.50983788,1,1,0,61.50983788,1,1,0
86347,61.51317285,1,1,0,61.51317285,1,1,0,61.51317285,1,1,0
86352,61.51651704,1,1,0,61.51651704,1,1,0,61.51651704,1,1,0
86357,61.51983057,1,1,0,61.51983057,1,1,0,61.51983057,1,1,0
86362,61.52323245,1,1,0,61.52323245,1,1,0,61.52323245,1,1,0
86367,61.52652935,1,1,0,61.52652935,1,1,0,61.52652935,1,1,0
86372,61.52988325,1,1,0,61.52988325,1,1,0,61.52988325,1,1,0
86377,61.53321144,1,1,0,61.53321144,1,1,0,61.53321144,1,1,0
86382,61.53650535,1,1,0,61.53650535,1,1,0,61.53650535,1,1,0
86387,61.5398452,1,1,0,61.5398452,1,1,0,61.5398452,1,1,0
86392,61.54318932,1,1,0,61.54318932,1,1,0,61.54318932,1,1,0
86397,61.54650278,1,1,0,61.54650278,1,1,0,61.54650278,1,1,0
86402,61.54983531,1,1,0,61.54983531,1,1,0,61.54983531,1,1,0
86407,61.55319325,1,1,0,61.55319325,1,1,0,61.55319325,1,1,0
86412,61.55696607,1,1,0,61.55696607,1,1,0,61.55696607,1,1,0
86417,61.56052439,1,1,0,61.56052439,1,1,0,61.56052439,1,1,0
86422,61.56389701,1,1,0,61.56389701,1,1,0,61.56389701,1,1,0
86427,61.56723365,1,1,0,61.56723365,1,1,0,61.56723365,1,1,0
86432,61.57057686,1,1,0,61.57057686,1,1,0,61.57057686,1,1,0
86437,61.57392615,1,1,0,61.57392615,1,1,0,61.57392615,1,1,0
86442,61.57731308,1,1,0,61.57731308,1,1,0,61.57731308,1,1,0
86447,61.58066104,1,1,0,61.58066104,1,1,0,61.58066104,1,1,0
86452,61.58395131,1,1,0,61.58395131,1,1,0,61.58395131,1,1,0
86457,61.58780221,1,1,0,61.58780221,1,1,0,61.58780221,1,1,0
86462,61.59138896,1,1,0,61.59138896,1,1,0,61.59138896,1,1,0
86467,61.59466568,1,1,0,61.59466568,1,1,0,61.59466568,1,1,0
86472,61.59796223,1,1,0,61.59796223,1,1,0,61.59796223,1,1,0
86477,61.60138947,1,1,0,61.60138947,1,1,0,61.60138947,1,1,0
86482,61.60513162,1,1,0,61.60513162,1,1,0,61.60513162,1,1,0
86487,61.60859985,1,1,0,61.60859985,1,1,0,61.60859985,1,1,0
86492,61.61222431,1,1,0,61.61222431,1,1,0,61.61222431,1,1,0
86497,61.61554419,1,1,0,61.61554419,1,1,0,61.61554419,1,1,0
86502,61.61890193,1,1,0,61.61890193,1,1,0,61.61890193,1,1,0
86507,61.62259862,1,1,0,61.62259862,1,1,0,61.62259862,1,1,0
86512,61.62587254,1,1,0,61.62587254,1,1,0,61.62587254,1,1,0
86517,61.62920772,1,1,0,61.62920772,1,1,0,61.62920772,1,1,0
86522,61.63253906,1,1,0,61.63253906,1,1,0,61.63253906,1,1,0
86527,61.63592417,1,1,0,61.63592417,1,1,0,61.63592417,1,1,0
86528,61.63659759,1,1,0,61.63659759,1,1,0,61.63659759,1,1,0
86533,61.63996113,1,1,0,61.63996113,1,1,0,61.63996113,1,1,0
86538,61.64329561,1,1,0,61.64329561,1,1,0,61.64329561,1,1,0
86543,61.64663749,1,1,0,61.64663749,1,1,0,61.64663749,1,1,0
86548,61.65120211,1,1,0,61.65120211,1,1,0,61.65120211,1,1,0
86553,61.65498651,1,1,0,61.65498651,1,1,0,61.65498651,1,1,0
86557,61.65771099,1,1,0,61.65771099,1,1,0,61.65771099,1,1,0
86562,61.66225444,1,1,0,61.66225444,1,1,0,61.66225444,1,1,0
86567,61.66571743,1,1,0,61.66571743,1,1,0,61.66571743,1,1,0
86572,61.66907077,1,1,0,61.66907077,1,1,0,61.66907077,1,1,0
86577,61.67231145,1,1,0,61.67231145,1,1,0,61.67231145,1,1,0
86582,61.67562344,1,1,0,61.67562344,1,1,0,61.67562344,1,1,0
86587,61.67910229,1,1,0,61.67910229,1,1,0,61.67910229,1,1,0
86592,61.68252547,1,1,0,61.68252547,1,1,0,61.68252547,1,1,0
86597,61.68586379,1,1,0,61.68586379,1,1,0,61.68586379,1,1,0
86602,61.68920588,1,1,0,61.68920588,1,1,0,61.68920588,1,1,0
86607,61.69248526,1,1,0,61.69248526,1,1,0,61.69248526,1,1,0
86612,61.69582868,1,1,0,61.69582868,1,1,0,61.69582868,1,1,0
86617,61.69916539,1,1,0,61.69916539,1,1,0,61.69916539,1,1,0
86622,61.70249087,1,1,0,61.70249087,1,1,0,61.70249087,1,1,0
86627,61.70578169,1,1,0,61.70578169,1,1,0,61.70578169,1,1,0
86632,61.70905374,1,1,0,61.70905374,1,1,0,61.70905374,1,1,0
86637,61.71239744,1,1,0,61.71239744,1,1,0,61.71239744,1,1,0
86642,61.71567933,1,1,0,61.71567933,1,1,0,61.71567933,1,1,0
86647,61.71899132,1,1,0,61.71899132,1,1,0,61.71899132,1,1,0
86652,61.72224296,1,1,0,61.72224296,1,1,0,61.72224296,1,1,0
86657,61.7255287,1,1,0,61.7255287,1,1,0,61.7255287,1,1,0
86662,61.72893895,1,1,0,61.72893895,1,1,0,61.72893895,1,1,0
86667,61.73221281,1,1,0,61.73221281,1,1,0,61.73221281,1,1,0
86672,61.73553989,1,1,0,61.73553989,1,1,0,61.73553989,1,1,0
86677,61.73888163,1,1,0,61.73888163,1,1,0,61.73888163,1,1,0
86682,61.74220445,1,1,0,61.74220445,1,1,0,61.74220445,1,1,0
86687,61.74548047,1,1,0,61.74548047,1,1,0,61.74548047,1,1,0
86692,61.74877305,1,1,0,61.74877305,1,1,0,61.74877305,1,1,0
86697,61.75227159,1,1,0,61.75227159,1,1,0,61.75227159,1,1,0
86702,61.75576454,1,1,0,61.75576454,1,1,0,61.75576454,1,1,0
86707,61.75907563,1,1,0,61.75907563,1,1,0,61.75907563,1,1,0
86712,61.76280681,1,1,0,61.76280681,1,1,0,61.76280681,1,1,0
86717,61.76641717,1,1,0,61.76641717,1,1,0,61.76641717,1,1,0
86722,61.76966546,1,1,0,61.76966546,1,1,0,61.76966546,1,1,0
86727,61.77299547,1,1,0,61.77299547,1,1,0,61.77299547,1,1,0
86732,61.78095498,1,1,0,61.78095498,1,1,0,61.78095498,1,1,0
86737,61.78433395,1,1,0,61.78433395,1,1,0,61.78433395,1,1,0
86742,61.78767004,1,1,0,61.78767004,1,1,0,61.78767004,1,1,0
86747,61.79107632,1,1,0,61.79107632,1,1,0,61.79107632,1,1,0
86752,61.79441527,1,1,0,61.79441527,1,1,0,61.79441527,1,1,0
86757,61.79775226,1,1,0,61.79775226,1,1,0,61.79775226,1,1,0
86762,61.80103974,1,1,0,61.80103974,1,1,0,61.80103974,1,1,0
86767,61.8043298,1,1,0,61.8043298,1,1,0,61.8043298,1,1,0
86772,61.80762684,1,1,0,61.80762684,1,1,0,61.80762684,1,1,0
86777,61.81092591,1,1,0,61.81092591,1,1,0,61.81092591,1,1,0
86782,61.81427332,1,1,0,61.81427332,1,1,0,61.81427332,1,1,0
86784,61.81561464,1,1,0,61.81561464,1,1,0,61.81561464,1,1,0
86789,61.81892488,1,1,0,61.81892488,1,1,0,61.81892488,1,1,0
86794,61.82308434,1,1,0,61.82308434,1,1,0,61.82308434,1,1,0
86799,61.8266889,1,1,0,61.8266889,1,1,0,61.8266889,1,1,0
86804,61.82998874,1,1,0,61.82998874,1,1,0,61.82998874,1,1,0
86809,61.8333214,1,1,0,61.8333214,1,1,0,61.8333214,1,1,0
86812,61.83532246,1,1,0,61.83532246,1,1,0,61.83532246,1,1,0
86817,61.83878447,1,1,0,61.83878447,1,1,0,61.83878447,1,1,0
86822,61.84212971,1,1,0,61.84212971,1,1,0,61.84212971,1,1,0
86827,61.84546321,1,1,0,61.84546321,1,1,0,61.84546321,1,1,0
86832,61.84878658,1,1,0,61.84878658,1,1,0,61.84878658,1,1,0
86837,61.85215599,1,1,0,61.85215599,1,1,0,61.85215599,1,1,0
86842,61.85548886,1,1,0,61.85548886,1,1,0,61.85548886,1,1,0
86847,61.85924267,1,1,0,61.85924267,1,1,0,61.85924267,1,1,0
86852,61.86259301,1,1,0,61.86259301,1,1,0,61.86259301,1,1,0
86857,61.86592798,1,1,0,61.86592798,1,1,0,61.86592798,1,1,0
86862,61.86927405,1,1,0,61.86927405,1,1,0,61.86927405,1,1,0
86867,61.87274717,1,1,0,61.87274717,1,1,0,61.87274717,1,1,0
86872,61.87610561,1,1,0,61.87610561,1,1,0,61.87610561,1,1,0
86877,61.87941543,1,1,0,61.87941543,1,1,0,61.87941543,1,1,0
86882,61.88283275,1,1,0,61.88283275,1,1,0,61.88283275,1,1,0
86887,61.88628987,1,1,0,61.88628987,1,1,0,61.88628987,1,1,0
86892,61.88995952,1,1,0,61.88995952,1,1,0,61.88995952,1,1,0
86897,61.89337565,1,1,0,61.89337565,1,1,0,61.89337565,1,1,0
86902,61.89671481,1,1,0,61.89671481,1,1,0,61.89671481,1,1,0
86907,61.90007946,1,1,0,61.90007946,1,1,0,61.90007946,1,1,0
86912,61.90351906,1,1,0,61.90351906,1,1,0,61.90351906,1,1,0
86917,61.90689216,1,1,0,61.90689216,1,1,0,61.90689216,1,1,0
86922,61.91021002,1,1,0,61.91021002,1,1,0,61.91021002,1,1,0
86927,61.91350832,1,1,0,61.91350832,1,1,0,61.91350832,1,1,0
86932,61.91693758,1,1,0,61.91693758,1,1,0,61.91693758,1,1,0
86937,61.92029517,1,1,0,61.92029517,1,1,0,61.92029517,1,1,0
86942,61.92357183,1,1,0,61.92357183,1,1,0,61.92357183,1,1,0
86947,61.92687886,1,1,0,61.92687886,1,1,0,61.92687886,1,1,0
86952,61.9302118,1,1,0,61.9302118,1,1,0,61.9302118,1,1,0
86957,61.93355997,1,1,0,61.93355997,1,1,0,61.93355997,1,1,0
86962,61.93726811,1,1,0,61.93726811,1,1,0,61.93726811,1,1,0
86967,61.9409891,1,1,0,61.9409891,1,1,0,61.9409891,1,1,0
86972,61.94447262,1,1,0,61.94447262,1,1,0,61.94447262,1,1,0
86977,61.94780605,1,1,0,61.94780605,1,1,0,61.94780605,1,1,0
86982,61.95116973,1,1,0,61.95116973,1,1,0,61.95116973,1,1,0
86987,61.96289227,1,1,0,61.96289227,1,1,0,61.96289227,1,1,0
86992,61.96633899,1,1,0,61.96633899,1,1,0,61.96633899,1,1,0
86997,61.9697915,1,1,0,61.9697915,1,1,0,61.9697915,1,1,0
87002,61.97438217,1,1,0,61.97438217,1,1,0,61.97438217,1,1,0
87007,61.9777017,1,1,0,61.9777017,1,1,0,61.9777017,1,1,0
87012,61.98101537,1,1,0,61.98101537,1,1,0,61.98101537,1,1,0
87017,61.98436151,1,1,0,61.98436151,1,1,0,61.98436151,1,1,0
87022,61.98845287,1,1,0,61.98845287,1,1,0,61.98845287,1,1,0
87027,61.99169656,1,1,0,61.99169656,1,1,0,61.99169656,1,1,0
87032,61.99499332,1,1,0,61.99499332,1,1,0,61.99499332,1,1,0
87037,61.99834156,1,1,0,61.99834156,1,1,0,61.99834156,1,1,0
87040,62.0004494,1,1,0,62.0004494,1,1,0,62.0004494,1,1,0
87045,62.0037725,1,1,0,62.0037725,1,1,0,62.0037725,1,1,0
87050,62.00706941,1,1,0,62.00706941,1,1,0,62.00706941,1,1,0
87055,62.01037714,1,1,0,62.01037714,1,1,0,62.01037714,1,1,0
87060,62.01369786,1,1,0,62.01369786,1,1,0,62.01369786,1,1,0
87065,62.01708563,1,1,0,62.01708563,1,1,0,62.01708563,1,1,0
87067,62.01842206,1,1,0,62.01842206,1,1,0,62.01842206,1,1,0
87072,62.02171052,1,1,0,62.02171052,1,1,0,62.02171052,1,1,0
87077,62.02515395,1,1,0,62.02515395,1,1,0,62.02515395,1,1,0
87082,62.02849108,1,1,0,62.02849108,1,1,0,62.02849108,1,1,0
87087,62.03183381,1,1,0,62.03183381,1,1,0,62.03183381,1,1,0
87092,62.03518596,1,1,0,62.03518596,1,1,0,62.03518596,1,1,0
87097,62.03851785,1,1,0,62.03851785,1,1,0,62.03851785,1,1,0
87102,62.04246932,1,1,0,62.04246932,1,1,0,62.04246932,1,1,0
87107,62.04576734,1,1,0,62.04576734,1,1,0,62.04576734,1,1,0
87112,62.04914471,1,1,0,62.04914471,1,1,0,62.04914471,1,1,0
87117,62.05335564,1,1,0,62.05335564,1,1,0,62.05335564,1,1,0
87122,62.05778287,1,1,0,62.05778287,1,1,0,62.05778287,1,1,0
87127,62.06156057,1,1,0,62.06156057,1,1,0,62.06156057,1,1,0
87132,62.06487627,1,1,0,62.06487627,1,1,0,62.06487627,1,1,0
87137,62.06821047,1,1,0,62.06821047,1,1,0,62.06821047,1,1,0
87142,62.07185952,1,1,0,62.07185952,1,1,0,62.07185952,1,1,0
87147,62.07573025,1,1,0,62.07573025,1,1,0,62.07573025,1,1,0
87152,62.07906172,1,1,0,62.07906172,1,1,0,62.07906172,1,1,0
87157,62.08240033,1,1,0,62.08240033,1,1,0,62.08240033,1,1,0
87162,62.08569541,1,1,0,62.08569541,1,1,0,62.08569541,1,1,0
87167,62.0890931,1,1,0,62.0890931,1,1,0,62.0890931,1,1,0
87172,62.0924308,1,1,0,62.0924308,1,1,0,62.0924308,1,1,0
87177,62.09580264,1,1,0,62.09580264,1,1,0,62.09580264,1,1,0
87182,62.09915193,1,1,0,62.09915193,1,1,0,62.09915193,1,1,0
87187,62.10248487,1,1,0,62.10248487,1,1,0,62.10248487,1,1,0
87192,62.10584743,1,1,0,62.10584743,1,1,0,62.10584743,1,1,0
87197,62.10932844,1,1,0,62.10932844,1,1,0,62.10932844,1,1,0
87202,62.11269009,1,1,0,62.11269009,1,1,0,62.11269009,1,1,0
87207,62.11598679,1,1,0,62.11598679,1,1,0,62.11598679,1,1,0
87212,62.11928034,1,1,0,62.11928034,1,1,0,62.11928034,1,1,0
87217,62.12307732,1,1,0,62.12307732,1,1,0,62.12307732,1,1,0
87222,62.12628336,1,1,0,62.12628336,1,1,0,62.12628336,1,1,0
87227,62.12961092,1,1,0,62.12961092,1,1,0,62.12961092,1,1,0
87232,62.13296524,1,1,0,62.13296524,1,1,0,62.13296524,1,1,0
87237,62.1362458,1,1,0,62.1362458,1,1,0,62.1362458,1,1,0
87242,62.13960829,1,1,0,62.13960829,1,1,0,62.13960829,1,1,0
87247,62.14338117,1,1,0,62.14338117,1,1,0,62.14338117,1,1,0
87252,62.14669379,1,1,0,62.14669379,1,1,0,62.14669379,1,1,0
87257,62.15001863,1,1,0,62.15001863,1,1,0,62.15001863,1,1,0
87262,62.15340927,1,1,0,62.15340927,1,1,0,62.15340927,1,1,0
87267,62.156761,1,1,0,62.156761,1,1,0,62.156761,1,1,0
87272,62.16011154,1,1,0,62.16011154,1,1,0,62.16011154,1,1,0
87277,62.16346313,1,1,0,62.16346313,1,1,0,62.16346313,1,1,0
87282,62.16676479,1,1,0,62.16676479,1,1,0,62.16676479,1,1,0
87287,62.17013901,1,1,0,62.17013901,1,1,0,62.17013901,1,1,0
87292,62.17341754,1,1,0,62.17341754,1,1,0,62.17341754,1,1,0
87296,62.17608056,1,1,0,62.17608056,1,1,0,62.17608056,1,1,0
87301,62.17949515,1,1,0,62.17949515,1,1,0,62.17949515,1,1,0
87306,62.18293027,1,1,0,62.18293027,1,1,0,62.18293027,1,1,0
87311,62.18629709,1,1,0,62.18629709,1,1,0,62.18629709,1,1,0
87316,62.18954902,1,1,0,62.18954902,1,1,0,62.18954902,1,1,0
87321,62.19284565,1,1,0,62.19284565,1,1,0,62.19284565,1,1,0
87322,62.19351292,1,1,0,62.19351292,1,1,0,62.19351292,1,1,0
87327,62.19683106,1,1,0,62.19683106,1,1,0,62.19683106,1,1,0
87332,62.2001698,1,1,0,62.2001698,1,1,0,62.2001698,1,1,0
87337,62.20350993,1,1,0,62.20350993,1,1,0,62.20350993,1,1,0
87342,62.20682172,1,1,0,62.20682172,1,1,0,62.20682172,1,1,0
87347,62.21017464,1,1,0,62.21017464,1,1,0,62.21017464,1,1,0
87352,62.21343718,1,1,0,62.21343718,1,1,0,62.21343718,1,1,0
87357,62.21673946,1,1,0,62.21673946,1,1,0,62.21673946,1,1,0
87362,62.22005285,1,1,0,62.22005285,1,1,0,62.22005285,1,1,0
87367,62.22329626,1,1,0,62.22329626,1,1,0,62.22329626,1,1,0
87372,62.22658611,1,1,0,62.22658611,1,1,0,62.22658611,1,1,0
87377,62.22992087,1,1,0,62.22992087,1,1,0,62.22992087,1,1,0
87382,62.23326631,1,1,0,62.23326631,1,1,0,62.23326631,1,1,0
87387,62.23648884,1,1,0,62.23648884,1,1,0,62.23648884,1,1,0
87392,62.2398456,1,1,0,62.2398456,1,1,0,62.2398456,1,1,0
87397,62.24310234,1,1,0,62.24310234,1,1,0,62.24310234,1,1,0
87402,62.2464781,1,1,0,62.2464781,1,1,0,62.2464781,1,1,0
87407,62.24982983,1,1,0,62.24982983,1,1,0,62.24982983,1,1,0
87412,62.25322731,1,1,0,62.25322731,1,1,0,62.25322731,1,1,0
87417,62.25778683,1,1,0,62.25778683,1,1,0,62.25778683,1,1,0
87422,62.26109449,1,1,0,62.26109449,1,1,0,62.26109449,1,1,0
87427,62.26440047,1,1,0,62.26440047,1,1,0,62.26440047,1,1,0
87432,62.26776345,1,1,0,62.26776345,1,1,0,62.26776345,1,1,0
87437,62.27122197,1,1,0,62.27122197,1,1,0,62.27122197,1,1,0
87442,62.27528958,1,1,0,62.27528958,1,1,0,62.27528958,1,1,0
87447,62.27859564,1,1,0,62.27859564,1,1,0,62.27859564,1,1,0
87452,62.28193976,1,1,0,62.28193976,1,1,0,62.28193976,1,1,0
87457,62.28530029,1,1,0,62.28530029,1,1,0,62.28530029,1,1,0
87462,62.2886252,1,1,0,62.2886252,1,1,0,62.2886252,1,1,0
87467,62.29193454,1,1,0,62.29193454,1,1,0,62.29193454,1,1,0
87472,62.29546283,1,1,0,62.29546283,1,1,0,62.29546283,1,1,0
87477,62.29880437,1,1,0,62.29880437,1,1,0,62.29880437,1,1,0
87482,62.30211126,1,1,0,62.30211126,1,1,0,62.30211126,1,1,0
87487,62.30573719,1,1,0,62.30573719,1,1,0,62.30573719,1,1,0
87492,62.30998654,1,1,0,62.30998654,1,1,0,62.30998654,1,1,0
87497,62.31339917,1,1,0,62.31339917,1,1,0,62.31339917,1,1,0
87502,62.31673393,1,1,0,62.31673393,1,1,0,62.31673393,1,1,0
87507,62.32007596,1,1,0,62.32007596,1,1,0,62.32007596,1,1,0
87512,62.32340904,1,1,0,62.32340904,1,1,0,62.32340904,1,1,0
87517,62.32672166,1,1,0,62.32672166,1,1,0,62.32672166,1,1,0
87522,62.33004029,1,1,0,62.33004029,1,1,0,62.33004029,1,1,0
87527,62.33336206,1,1,0,62.33336206,1,1,0,62.33336206,1,1,0
87532,62.33679767,1,1,0,62.33679767,1,1,0,62.33679767,1,1,0
87537,62.3413048,1,1,0,62.3413048,1,1,0,62.3413048,1,1,0
87542,62.34463886,1,1,0,62.34463886,1,1,0,62.34463886,1,1,0
87547,62.34797411,1,1,0,62.34797411,1,1,0,62.34797411,1,1,0
87552,62.35127597,1,1,0,62.35127597,1,1,0,62.35127597,1,1,0
87557,62.35460166,1,1,0,62.35460166,1,1,0,62.35460166,1,1,0
87562,62.35913749,1,1,0,62.35913749,1,1,0,62.35913749,1,1,0
87567,62.36296422,1,1,0,62.36296422,1,1,0,62.36296422,1,1,0
87572,62.36626909,1,1,0,62.36626909,1,1,0,62.36626909,1,1,0
87577,62.36959812,1,1,0,62.36959812,1,1,0,62.36959812,1,1,0
87582,62.37288867,1,1,0,62.37288867,1,1,0,62.37288867,1,1,0
87587,62.37617685,1,1,0,62.37617685,1,1,0,62.37617685,1,1,0
87592,62.37952411,1,1,0,62.37952411,1,1,0,62.37952411,1,1,0
87597,62.38283149,1,1,0,62.38283149,1,1,0,62.38283149,1,1,0
87602,62.38648836,1,1,0,62.38648836,1,1,0,62.38648836,1,1,0
87607,62.38990952,1,1,0,62.38990952,1,1,0,62.38990952,1,1,0
87612,62.39387488,1,1,0,62.39387488,1,1,0,62.39387488,1,1,0
87617,62.39718248,1,1,0,62.39718248,1,1,0,62.39718248,1,1,0
87622,62.40048476,1,1,0,62.40048476,1,1,0,62.40048476,1,1,0
87627,62.40382769,1,1,0,62.40382769,1,1,0,62.40382769,1,1,0
87632,62.40715763,1,1,0,62.40715763,1,1,0,62.40715763,1,1,0
87637,62.41045894,1,1,0,62.41045894,1,1,0,62.41045894,1,1,0
87642,62.41377309,1,1,0,62.41377309,1,1,0,62.41377309,1,1,0
87647,62.41714375,1,1,0,62.41714375,1,1,0,62.41714375,1,1,0
87652,62.42051343,1,1,0,62.42051343,1,1,0,62.42051343,1,1,0
87657,62.42403027,1,1,0,62.42403027,1,1,0,62.42403027,1,1,0
87662,62.42733633,1,1,0,62.42733633,1,1,0,62.42733633,1,1,0
87667,62.43068547,1,1,0,62.43068547,1,1,0,62.43068547,1,1,0
87672,62.43399984,1,1,0,62.43399984,1,1,0,62.43399984,1,1,0
87677,62.43732873,1,1,0,62.43732873,1,1,0,62.43732873,1,1,0
87682,62.44054015,1,1,0,62.44054015,1,1,0,62.44054015,1,1,0
87687,62.44397137,1,1,0,62.44397137,1,1,0,62.44397137,1,1,0
87692,62.44727539,1,1,0,62.44727539,1,1,0,62.44727539,1,1,0
87697,62.45064347,1,1,0,62.45064347,1,1,0,62.45064347,1,1,0
87702,62.45738081,1,1,0,62.45738081,1,1,0,62.45738081,1,1,0
87707,62.46069573,1,1,0,62.46069573,1,1,0,62.46069573,1,1,0
87712,62.4640388,1,1,0,62.4640388,1,1,0,62.4640388,1,1,0
87717,62.46735952,1,1,0,62.46735952,1,1,0,62.46735952,1,1,0
87722,62.47059294,1,1,0,62.47059294,1,1,0,62.47059294,1,1,0
87727,62.47385926,1,1,0,62.47385926,1,1,0,62.47385926,1,1,0
87732,62.47716035,1,1,0,62.47716035,1,1,0,62.47716035,1,1,0
87737,62.4871932,1,1,0,62.4871932,1,1,0,62.4871932,1,1,0
87742,62.49052035,1,1,0,62.49052035,1,1,0,62.49052035,1,1,0
87747,62.49380796,1,1,0,62.49380796,1,1,0,62.49380796,1,1,0
87752,62.49705465,1,1,0,62.49705465,1,1,0,62.49705465,1,1,0
87757,62.50042461,1,1,0,62.50042461,1,1,0,62.50042461,1,1,0
87762,62.50371698,1,1,0,62.50371698,1,1,0,62.50371698,1,1,0
87767,62.50715,1,1,0,62.50715,1,1,0,62.50715,1,1,0
87772,62.51046877,1,1,0,62.51046877,1,1,0,62.51046877,1,1,0
87777,62.51376421,1,1,0,62.51376421,1,1,0,62.51376421,1,1,0
87782,62.51705434,1,1,0,62.51705434,1,1,0,62.51705434,1,1,0
87787,62.52033218,1,1,0,62.52033218,1,1,0,62.52033218,1,1,0
87792,62.52366799,1,1,0,62.52366799,1,1,0,62.52366799,1,1,0
87797,62.52698277,1,1,0,62.52698277,1,1,0,62.52698277,1,1,0
87802,62.53035622,1,1,0,62.53035622,1,1,0,62.53035622,1,1,0
87807,62.53361954,1,1,0,62.53361954,1,1,0,62.53361954,1,1,0
87808,62.5342866,1,1,0,62.5342866,1,1,0,62.5342866,1,1,0
87813,62.53766787,1,1,0,62.53766787,1,1,0,62.53766787,1,1,0
87818,62.54098769,1,1,0,62.54098769,1,1,0,62.54098769,1,1,0
87823,62.54432608,1,1,0,62.54432608,1,1,0,62.54432608,1,1,0
87828,62.54761132,1,1,0,62.54761132,1,1,0,62.54761132,1,1,0
87832,62.55025269,1,1,0,62.55025269,1,1,0,62.55025269,1,1,0
87837,62.55386109,1,1,0,62.55386109,1,1,0,62.55386109,1,1,0
87842,62.55726066,1,1,0,62.55726066,1,1,0,62.55726066,1,1,0
87847,62.56058585,1,1,0,62.56058585,1,1,0,62.56058585,1,1,0
87852,62.563932,1,1,0,62.563932,1,1,0,62.563932,1,1,0
87857,62.56717233,1,1,0,62.56717233,1,1,0,62.56717233,1,1,0
87862,62.57075601,1,1,0,62.57075601,1,1,0,62.57075601,1,1,0
87867,62.57459922,1,1,0,62.57459922,1,1,0,62.57459922,1,1,0
87872,62.57794174,1,1,0,62.57794174,1,1,0,62.57794174,1,1,0
87877,62.58131239,1,1,0,62.58131239,1,1,0,62.58131239,1,1,0
87882,62.58468724,1,1,0,62.58468724,1,1,0,62.58468724,1,1,0
87887,62.58791703,1,1,0,62.58791703,1,1,0,62.58791703,1,1,0
87892,62.59122769,1,1,0,62.59122769,1,1,0,62.59122769,1,1,0
87897,62.59452069,1,1,0,62.59452069,1,1,0,62.59452069,1,1,0
87902,62.59781899,1,1,0,62.59781899,1,1,0,62.59781899,1,1,0
87907,62.60108098,1,1,0,62.60108098,1,1,0,62.60108098,1,1,0
87912,62.60442181,1,1,0,62.60442181,1,1,0,62.60442181,1,1,0
87917,62.60771509,1,1,0,62.60771509,1,1,0,62.60771509,1,1,0
87922,62.61096925,1,1,0,62.61096925,1,1,0,62.61096925,1,1,0
87927,62.61429758,1,1,0,62.61429758,1,1,0,62.61429758,1,1,0
87932,62.61759281,1,1,0,62.61759281,1,1,0,62.61759281,1,1,0
87937,62.62093372,1,1,0,62.62093372,1,1,0,62.62093372,1,1,0
87942,62.62434244,1,1,0,62.62434244,1,1,0,62.62434244,1,1,0
87947,62.62760631,1,1,0,62.62760631,1,1,0,62.62760631,1,1,0
87952,62.63091649,1,1,0,62.63091649,1,1,0,62.63091649,1,1,0
87957,62.6342069,1,1,0,62.6342069,1,1,0,62.6342069,1,1,0
87962,62.63751267,1,1,0,62.63751267,1,1,0,62.63751267,1,1,0
87967,62.64067799,1,1,0,62.64067799,1,1,0,62.64067799,1,1,0
87972,62.64394745,1,1,0,62.64394745,1,1,0,62.64394745,1,1,0
87977,62.64717451,1,1,0,62.64717451,1,1,0,62.64717451,1,1,0
87982,62.65052667,1,1,0,62.65052667,1,1,0,62.65052667,1,1,0
87987,62.65379151,1,1,0,62.65379151,1,1,0,62.65379151,1,1,0
87992,62.65709617,1,1,0,62.65709617,1,1,0,62.65709617,1,1,0
